berkeley_neural_parser_result,item,condition,targetPosition,Sentence,,Option1,Option0,Ans,,,,,,,
(S (NP (NP (DT The) (NN bus) (NN driver)) (SBAR (WHNP (WP who)) (S (VP (VBD followed) (NP (DT the) (NNS kids)))))) (VP (VBD wondered) (PP (IN about) (NP (NP (DT the) (NN location)) (PP (IN of) (NP (DT a) (NN hotel)))))) (. .)),25,RC_Subj,5,The bus driver who followed the kids wondered about the location of a hotel.,Who was being followed?,The bus driver,The kids,0,RC-Gap,1,,,,,
(S (NP (NP (DT The) (NN bus) (NN driver)) (SBAR (WHNP (WP who)) (S (NP (DT the) (NNS kids)) (VP (VBD followed))))) (VP (VBD wondered) (PP (IN about) (NP (NP (DT the) (NN location)) (PP (IN of) (NP (DT a) (NN hotel)))))) (. .)),25,RC_Obj,7,The bus driver who the kids followed wondered about the location of a hotel.,Who was being followed?,The bus driver,The kids,1,RC-Gap,,,,1,,
(S (NP (NP (DT The) (NN chef)) (SBAR (WHNP (WP who)) (S (VP (VBD distracted) (NP (DT the) (NN cameraman)))))) (VP (VBD poured) (NP (DT the) (NN flour)) (PP (IN onto) (NP (DT the) (NN counter)))) (. .)),26,RC_Subj,4,The chef who distracted the cameraman poured the flour onto the counter.,Who was being distracted?,The chef,The cameraman,0,RC-Gap,1,,,,,
(S (NP (NP (DT The) (NN chef)) (SBAR (WHNP (WP who)) (S (NP (DT the) (NN cameraman)) (VP (VBD distracted))))) (VP (VBD poured) (NP (DT the) (NN flour)) (PP (IN onto) (NP (DT the) (NN counter)))) (. .)),26,RC_Obj,6,The chef who the cameraman distracted poured the flour onto the counter.,Who was being distracted?,The chef,The cameraman,1,RC-Gap,,,,1,,
(S (NP (NP (DT The) (NNS children)) (SBAR (WHNP (WP who)) (S (VP (VBD woke) (NP (DT the) (NN father)))))) (VP (VBD bothered) (NP (PRP him)) (PP (IN about) (NP (NP (DT the) (NN trip)) (PP (TO to) (NP (DT the) (NN beach)))))) (. .)),27,RC_Subj,4,The children who woke the father bothered him about the trip to the beach.,Who was woken up?,The children,The father,0,RC-Gap,,,,1,,
(S (NP (NP (DT The) (NNS children)) (SBAR (WHNP (WP who)) (S (NP (DT the) (NN father)) (VP (VBD woke))))) (VP (VBD bothered) (NP (PRP him)) (PP (IN about) (NP (NP (DT the) (NN trip)) (PP (TO to) (NP (DT the) (NN beach)))))) (. .)),27,RC_Obj,6,The children who the father woke bothered him about the trip to the beach.,Who was woken up?,The children,The father,1,RC-Gap,1,,,,,
(S (NP (NP (DT The) (NN class)) (SBAR (WHNP (WDT that)) (S (VP (VBD disliked) (NP (DT the) (NN teacher)))))) (VP (VBD skimmed) (NP (DT the) (NN reading)) (PP (IN for) (NP (DT the) (NN week)))) (. .)),28,RC_Subj,4,The class that disliked the teacher skimmed the reading for the week.,Who was disliked?,The class,The teacher,0,RC-Gap,,,,1,,
(S (NP (NP (DT The) (NN class)) (SBAR (WHNP (IN that)) (S (NP (DT the) (NN teacher)) (VP (VBD disliked))))) (VP (VBD skimmed) (NP (DT the) (NN reading)) (PP (IN for) (NP (DT the) (NN week)))) (. .)),28,RC_Obj,6,The class that the teacher disliked skimmed the reading for the week.,Who was disliked?,The class,The teacher,1,RC-Gap,1,,,,,
(S (NP (NP (DT The) (NN dancer)) (SBAR (WHNP (WDT that)) (S (VP (VBD loved) (NP (DT the) (NN audience)))))) (VP (VBD ignored) (NP (DT some) (JJ basic) (NNS principles))) (. .)),29,RC_Subj,4,The dancer that loved the audience ignored some basic principles.,Who was loved?,The dancer,The audience,0,RC-Gap,,1,,,,
(S (NP (NP (DT The) (NN dancer)) (SBAR (WHNP (IN that)) (S (NP (DT the) (NN audience)) (VP (VBD loved))))) (VP (VBD ignored) (NP (DT some) (JJ basic) (NNS principles))) (. .)),29,RC_Obj,6,The dancer that the audience loved ignored some basic principles.,Who was loved?,The dancer,The audience,1,RC-Gap,,,,,1,
(S (NP (NP (DT The) (NNS employees)) (SBAR (WHNP (WDT that)) (S (VP (VBD noticed) (NP (DT the) (NN fireman)))))) (VP (VBD hurried) (PP (IN across) (NP (DT the) (JJ open) (NN field)))) (. .)),30,RC_Subj,4,The employees that noticed the fireman hurried across the open field.,Who was noticed?,The employees,The fireman,0,RC-Gap,,1,,,,
(S (NP (NP (DT The) (NNS employees)) (SBAR (WHNP (IN that)) (S (NP (DT the) (NN fireman)) (VP (VBD noticed))))) (VP (VBD hurried) (PP (IN across) (NP (DT the) (JJ open) (NN field)))) (. .)),30,RC_Obj,6,The employees that the fireman noticed hurried across the open field.,Who was noticed?,The employees,The fireman,1,RC-Gap,,,,,1,
(S (NP (NP (DT The) (NN farmer)) (SBAR (WHNP (WDT that)) (S (VP (VBD approached) (NP (DT the) (NNS customers)))))) (VP (VBD lifted) (NP (DT the) (NNS chickens)) (PP (IN from) (NP (PRP$ their) (NN coop)))) (. .)),31,RC_Subj,4,The farmer that approached the customers lifted the chickens from their coop.,Who was approached?,The customers,The farmer,1,RC-Gap,,,,,1,
(S (NP (NP (DT The) (NN farmer)) (SBAR (WHNP (IN that)) (S (NP (DT the) (NNS customers)) (VP (VBD approached))))) (VP (VBD lifted) (NP (DT the) (NNS chickens)) (PP (IN from) (NP (PRP$ their) (NN coop)))) (. .)),31,RC_Obj,6,The farmer that the customers approached lifted the chickens from their coop.,Who was approached?,The customers,The farmer,0,RC-Gap,,1,,,,
(S (NP (NP (DT The) (NN farmer)) (SBAR (WHNP (WP who)) (S (VP (VBD hired) (NP (DT the) (NN rancher)))))) (VP (VBD piled) (NP (DT the) (NNS seeds)) (PP (IN in) (NP (JJ long) (NNS rows)))) (. .)),32,RC_Subj,4,The farmer who hired the rancher piled the seeds in long rows.,Who was hired?,The rancher,The farmer,1,RC-Gap,,,,,1,
(S (NP (NP (DT The) (NN farmer)) (SBAR (WHNP (WP who)) (S (NP (DT the) (NN rancher)) (VP (VBD hired))))) (VP (VBD piled) (NP (DT the) (NNS seeds)) (PP (IN in) (NP (JJ long) (NNS rows)))) (. .)),32,RC_Obj,6,The farmer who the rancher hired piled the seeds in long rows.,Who was hired?,The rancher,The farmer,0,RC-Gap,,1,,,,
(S (NP (NP (DT The) (NNS firemen)) (SBAR (WHNP (WDT that)) (S (VP (VBD called) (NP (DT the) (NNS residents)))))) (VP (VBD attacked) (NP (DT the) (NN house)) (PP (IN with) (NP (JJ high) (: -) (JJ powered) (NNS hoses)))) (. .)),33,RC_Subj,4,The firemen that called the residents attacked the house with high-powered hoses.,Who got a call?,The residents,The firemen,1,RC-Gap,,,1,,,
(S (NP (NP (DT The) (NNS firemen)) (SBAR (WHNP (IN that)) (S (NP (DT the) (NNS residents)) (VP (VBD called))))) (VP (VBD attacked) (NP (DT the) (NN house)) (PP (IN with) (NP (JJ high) (JJ -) (JJ powered) (NNS hoses)))) (. .)),33,RC_Obj,6,The firemen that the residents called attacked the house with high-powered hoses.,Who got a call?,The residents,The firemen,0,RC-Gap,,,,,,1
(S (NP (NP (DT The) (NN girl)) (SBAR (WHNP (WP who)) (S (VP (VBD watched) (NP (DT the) (NNS parents)))))) (VP (VBD changed) (NP (NP (DT a) (JJ critical) (NN part)) (PP (IN of) (NP (DT the) (NN story))))) (. .)),34,RC_Subj,4,The girl who watched the parents changed a critical part of the story.,Who was being watched?,The parents,The girl,1,RC-Gap,,,1,,,
(S (NP (NP (DT The) (NN girl)) (SBAR (WHNP (WP who)) (S (NP (DT the) (NNS parents)) (VP (VBD watched))))) (VP (VBD changed) (NP (NP (DT a) (JJ critical) (NN part)) (PP (IN of) (NP (DT the) (NN story))))) (. .)),34,RC_Obj,6,The girl who the parents watched changed a critical part of the story.,Who was being watched?,The parents,The girl,0,RC-Gap,,,,,,1
(S (NP (NP (DT The) (NN investigator)) (SBAR (WHNP (WP who)) (S (VP (VBD phoned) (NP (DT the) (NN agency)))))) (VP (VBD considered) (NP (NNP Ms.) (NNP Reynolds)) (PP (IN from) (NP (NN accounting)))) (. .)),35,RC_Subj,4,The investigator who phoned the agency considered Ms. Reynolds from accounting.,Who got a phone call?,The agency,The investigator,1,RC-Gap,,,,,,1
(S (NP (NP (DT The) (NN investigator)) (SBAR (WHNP (WP who)) (S (NP (DT the) (NN agency)) (VP (VBD phoned))))) (VP (VBD considered) (NP (NNP Ms.) (NNP Reynolds)) (PP (IN from) (NP (NN accounting)))) (. .)),35,RC_Obj,6,The investigator who the agency phoned considered Ms. Reynolds from accounting.,Who got a phone call?,The agency,The investigator,0,RC-Gap,,,1,,,
(S (NP (NP (DT The) (NN judge)) (SBAR (WHNP (WP who)) (S (VP (VBD addressed) (NP (DT the) (NNS witnesses)))))) (VP (VBD noticed) (NP (DT the) (NN defense) (NNS attorneys))) (. .)),36,RC_Subj,4,The judge who addressed the witnesses noticed the defense attorneys.,Who was being addressed?,The witnesses,The judge,1,RC-Gap,,,,,,1
(S (NP (NP (DT The) (NN judge)) (SBAR (WHNP (WP who)) (S (NP (DT the) (NNS witnesses)) (VP (VBD addressed))))) (VP (VBD noticed) (NP (DT the) (NN defense) (NNS attorneys))) (. .)),36,RC_Obj,6,The judge who the witnesses addressed noticed the defense attorneys.,Who was being addressed?,The witnesses,The judge,0,RC-Gap,,,1,,,
(S (NP (NP (DT The) (NN manager)) (SBAR (WHNP (WP who)) (S (VP (VBD visited) (NP (DT the) (NN boss)))))) (VP (VBD remembered) (NP (DT some) (JJ inconvenient) (NNS facts))) (. .)),37,RC_Subj,4,The manager who visited the boss remembered some inconvenient facts.,Who remembered the facts?,The boss,The manager,0,Matrix subject,1,,,,,
(S (NP (NP (DT The) (NN manager)) (SBAR (WHNP (WP who)) (S (NP (DT the) (NN boss)) (VP (VBD visited))))) (VP (VBD remembered) (NP (DT some) (JJ inconvenient) (NNS facts))) (. .)),37,RC_Obj,6,The manager who the boss visited remembered some inconvenient facts.,Who remembered the facts?,The boss,The manager,0,Matrix subject,,,,1,,
(S (NP (NP (DT The) (NN mathematician)) (SBAR (WHNP (WP who)) (S (VP (VBD visited) (NP (DT the) (NN chairman)))))) (VP (VBD created) (NP (NP (DT a) (NN solution)) (PP (TO to) (NP (DT the) (JJ wellknown) (NN problem))))) (. .)),38,RC_Subj,4,The mathematician who visited the chairman created a solution to the wellknown problem.,Who created the solution?,The mathematician,The chairman,1,Matrix subject,1,,,,,
(S (NP (NP (DT The) (NN mathematician)) (SBAR (WHNP (WP who)) (S (NP (DT the) (NN chairman)) (VP (VBD visited))))) (VP (VBD created) (NP (NP (DT a) (NN solution)) (PP (TO to) (NP (DT the) (JJ wellknown) (NN problem))))) (. .)),38,RC_Obj,6,The mathematician who the chairman visited created a solution to the wellknown problem.,Who created the solution?,The mathematician,The chairman,1,Matrix subject,,,,1,,
(S (NP (NP (DT The) (NNS monkeys)) (SBAR (WHNP (WDT that)) (S (VP (VBD watched) (NP (DT the) (NNS zookeepers)))))) (VP (VBD charged) (NP (NP (DT the) (NNS bars)) (PP (IN of) (NP (PRP$ their) (NN cage))))) (. .)),39,RC_Subj,4,The monkeys that watched the zookeepers charged the bars of their cage.,Who charged the bars of the cage?,The zookeepers,The monkeys,0,Matrix subject,,,,1,,
(S (NP (NP (DT The) (NNS monkeys)) (SBAR (WHNP (IN that)) (S (NP (DT the) (NNS zookeepers)) (VP (VBD watched))))) (VP (VBD charged) (NP (NP (DT the) (NNS bars)) (PP (IN of) (NP (PRP$ their) (NN cage))))) (. .)),39,RC_Obj,6,The monkeys that the zookeepers watched charged the bars of their cage.,Who charged the bars of the cage?,The zookeepers,The monkeys,0,Matrix subject,1,,,,,
(S (NP (NP (DT The) (NN movie) (NN star)) (SBAR (WHNP (WP who)) (S (VP (VBD visited) (NP (DT the) (NNS organizers)))))) (VP (VBD proposed) (NP (DT an) (JJ annual) (NN prize))) (. .)),40,RC_Subj,5,The movie star who visited the organizers proposed an annual prize.,Who proposed a prize?,The movie star,The organizers,1,Matrix subject,,,,1,,
(S (NP (NP (DT The) (NN movie) (NN star)) (SBAR (WHNP (WP who)) (S (NP (DT the) (NNS organizers)) (VP (VBD visited))))) (VP (VBD proposed) (NP (DT an) (JJ annual) (NN prize))) (. .)),40,RC_Obj,7,The movie star who the organizers visited proposed an annual prize.,Who proposed a prize?,The movie star,The organizers,1,Matrix subject,1,,,,,
(S (NP (NP (DT The) (NN neighbor)) (SBAR (WHNP (WP who)) (S (VP (VBD observed) (NP (DT the) (NN couple)))))) (VP (VBD purchased) (NP (DT the) (JJ old) (JJ Victorian) (NN house))) (. .)),41,RC_Subj,4,The neighbor who observed the couple purchased the old Victorian house.,Who purchased the house?,The couple,The neighbor,0,Matrix subject,,1,,,,
(S (NP (NP (DT The) (NN neighbor)) (SBAR (WHNP (WP who)) (S (NP (DT the) (NN couple)) (VP (VBD observed))))) (VP (VBD purchased) (NP (DT the) (JJ old) (JJ Victorian) (NN house))) (. .)),41,RC_Obj,6,The neighbor who the couple observed purchased the old Victorian house.,Who purchased the house?,The couple,The neighbor,0,Matrix subject,,,,,1,
(S (NP (NP (DT The) (NN pilot)) (SBAR (WHNP (WP who)) (S (VP (VBD delayed) (NP (DT the) (NN ground) (NN crew)))))) (VP (VBD remained) (PP (IN on) (NP (DT the) (NN runway))) (PP (IN for) (NP (DT a) (JJ long) (NN time)))) (. .)),42,RC_Subj,4,The pilot who delayed the ground crew remained on the runway for a long time.,Who was on the runway?,The pilot,The ground crew,1,Matrix subject,,1,,,,
(S (NP (NP (DT The) (NN pilot)) (SBAR (WHNP (WP who)) (S (NP (DT the) (NN ground) (NN crew)) (VP (VBN delayed))))) (VP (VBD remained) (PP (IN on) (NP (DT the) (NN runway))) (PP (IN for) (NP (DT a) (JJ long) (NN time)))) (. .)),42,RC_Obj,6,The pilot who the ground crew delayed remained on the runway for a long time.,Who was on the runway?,The pilot,The ground crew,1,Matrix subject,,,,,1,
(S (NP (NP (DT The) (NNS soldiers)) (SBAR (WHNP (WDT that)) (S (VP (VBD helped) (NP (DT the) (NNS natives)))))) (VP (VBD climbed) (NP (NP (DT the) (JJ big) (NN rock)) (SBAR (WHNP (WDT that)) (S (VP (VBD blocked) (NP (DT the) (NN path))))))) (. .)),43,RC_Subj,4,The soldiers that helped the natives climbed the big rock that blocked the path.,Who climbed the rock?,The natives,The soldiers,0,Matrix subject,,,,,1,
(S (NP (NP (DT The) (NNS soldiers)) (SBAR (WHNP (IN that)) (S (NP (DT the) (NNS natives)) (VP (VBD helped))))) (VP (VBD climbed) (NP (NP (DT the) (JJ big) (NN rock)) (SBAR (WHNP (WDT that)) (S (VP (VBD blocked) (NP (DT the) (NN path))))))) (. .)),43,RC_Obj,6,The soldiers that the natives helped climbed the big rock that blocked the path.,Who climbed the rock?,The natives,The soldiers,0,Matrix subject,,1,,,,
(S (NP (NP (DT The) (NN speaker)) (SBAR (WHNP (WP who)) (S (VP (VBD entertained) (NP (DT the) (NNS economists)))))) (VP (VBD predicted) (NP (NP (DT a) (JJ good) (NN year)) (PP (IN for) (NP (DT the) (NN industry))))) (. .)),44,RC_Subj,4,The speaker who entertained the economists predicted a good year for the industry.,Who predicted a good year?,The speaker,The economists,1,Matrix subject,,,,,1,
(S (NP (NP (DT The) (NN speaker)) (SBAR (WHNP (WP who)) (S (NP (DT the) (NNS economists)) (VP (VBD entertained))))) (VP (VBD predicted) (NP (NP (DT a) (JJ good) (NN year)) (PP (IN for) (NP (DT the) (NN industry))))) (. .)),44,RC_Obj,6,The speaker who the economists entertained predicted a good year for the industry.,Who predicted a good year?,The speaker,The economists,1,Matrix subject,,1,,,,
(S (NP (NP (DT The) (NN table) (NN top)) (SBAR (WHNP (WDT that)) (S (VP (VBD rested) (PP (IN on) (NP (DT the) (NN box))))))) (VP (VBN screwed) (PP (ADVP (RB directly)) (TO to) (NP (DT the) (NNS legs)))) (. .)),45,RC_Subj,5,The table top that rested on the box screwed directly to the legs.,What attached to the legs?,The box,The table top,0,Matrix subject,,,1,,,
(S (NP (NP (DT The) (NN table) (NN top)) (SBAR (WHNP (IN that)) (S (NP (DT the) (NN box)) (VP (VBD rested) (PP (RP on)))))) (VP (VBN screwed) (PP (ADVP (RB directly)) (TO to) (NP (DT the) (NNS legs)))) (. .)),45,RC_Obj,7,The table top that the box rested on screwed directly to the legs.,What attached to the legs?,The box,The table top,0,Matrix subject,,,,,,1
(S (NP (NP (DT The) (NN trainer)) (SBAR (WHNP (WP who)) (S (VP (VBD called) (NP (DT the) (NN jockey)))))) (VP (VBD rubbed) (NP (NP (DT the) (FW horse\) (POS 's)) (NN skin))) (. .)),46,RC_Subj,4,The trainer who called the jockey rubbed the horse 's skin.,Who pet the horse?,The trainer,The jockey,1,Matrix subject,,,1,,,
(S (NP (NP (DT The) (NN trainer)) (SBAR (WHNP (WP who)) (S (NP (DT the) (NN jockey)) (VP (VBD called))))) (VP (VBD rubbed) (NP (NP (DT the) (FW horse\) (POS 's)) (NN skin))) (. .)),46,RC_Obj,6,The trainer who the jockey called rubbed the horse 's skin.,Who pet the horse?,The trainer,The jockey,1,Matrix subject,,,,,,1
(S (NP (NP (DT The) (NN veteran)) (SBAR (WHNP (WP who)) (S (VP (VBD admired) (NP (DT the) (NN coach)))))) (VP (VBD defeated) (NP (PRP$ his) (JJS greatest) (NN rival))) (. .)),47,RC_Subj,4,The veteran who admired the coach defeated his greatest rival.,Who defeated their rival?,The coach,The veteran,0,Matrix subject,,,,,,1
(S (NP (NP (DT The) (NN veteran)) (SBAR (WHNP (WP who)) (S (NP (DT the) (NN coach)) (VP (VBD admired))))) (VP (VBD defeated) (NP (PRP$ his) (JJS greatest) (NN rival))) (. .)),47,RC_Obj,6,The veteran who the coach admired defeated his greatest rival.,Who defeated their rival?,The coach,The veteran,0,Matrix subject,,,1,,,
(S (NP (NP (DT The) (NN visitor)) (SBAR (WHNP (WP who)) (S (VP (VBD introduced) (NP (DT the) (NN student)))))) (VP (VBD walked) (PP (IN across) (NP (DT the) (NN quad)))) (. .)),48,RC_Subj,4,The visitor who introduced the student walked across the quad.,Who walked across the quad?,The visitor,The student,1,Matrix subject,,,,,,1
(S (NP (NP (DT The) (NN visitor)) (SBAR (WHNP (WP who)) (S (NP (DT the) (NN student)) (VP (VBN introduced))))) (VP (VBD walked) (PP (IN across) (NP (DT the) (NN quad)))) (. .)),48,RC_Obj,6,The visitor who the student introduced walked across the quad.,Who walked across the quad?,The visitor,The student,1,Matrix subject,,,1,,,